duration1,dates1,duration2,dates2,duration3,dates3,duration4,dates4,duration5,dates5,duration6,dates6
9,1959-07-04/1959-07-12,3,1959-06-04/1959-06-06,6,1959-07-11/1959-07-16,6,1959-06-04/1959-06-09,8,1959-06-07/1959-06-14,9,1959-06-05/1959-06-13
2,1959-07-20/1959-07-21,3,1959-06-22/1959-06-24,1,1959-07-30/1959-07-30,4,1959-06-23/1959-06-26,5,1959-07-01/1959-07-05,3,1959-06-17/1959-06-19
2,1959-07-27/1959-07-28,9,1959-07-04/1959-07-12,4,1960-06-07/1960-06-10,5,1959-07-05/1959-07-09,8,1959-07-10/1959-07-17,4,1959-08-05/1959-08-08
1,1959-08-17/1959-08-17,11,1959-07-18/1959-07-28,3,1960-07-19/1960-07-21,1,1959-07-13/1959-07-13,2,1959-07-30/1959-07-31,4,1959-08-14/1959-08-17
6,1960-06-17/1960-06-22,8,1959-08-07/1959-08-14,5,1960-08-25/1960-08-29,10,1959-07-17/1959-07-26,2,1959-08-24/1959-08-25,1,1960-06-15/1960-06-15
1,1960-07-26/1960-07-26,9,1959-08-19/1959-08-27,1,1961-06-01/1961-06-01,1,1959-08-02/1959-08-02,7,1960-06-10/1960-06-16,5,1960-06-29/1960-07-03
2,1960-08-23/1960-08-24,5,1960-06-02/1960-06-06,7,1961-06-22/1961-06-28,14,1959-08-11/1959-08-24,16,1960-07-15/1960-07-30,10,1960-07-10/1960-07-19
1,1960-08-29/1960-08-29,10,1960-06-17/1960-06-26,1,1961-07-04/1961-07-04,12,1960-05-27/1960-06-07,1,1960-08-31/1960-08-31,6,1960-07-27/1960-08-01
4,1961-06-19/1961-06-22,7,1960-08-22/1960-08-28,1,1961-07-13/1961-07-13,5,1960-06-23/1960-06-27,12,1961-06-08/1961-06-19,5,1960-08-12/1960-08-16
2,1961-06-29/1961-06-30,4,1961-06-23/1961-06-26,7,1961-08-07/1961-08-13,7,1960-07-05/1960-07-11,2,1961-06-27/1961-06-28,14,1961-06-05/1961-06-18
4,1961-07-08/1961-07-11,4,1961-06-30/1961-07-03,6,1962-05-28/1962-06-02,4,1960-07-15/1960-07-18,5,1961-07-30/1961-08-03,3,1961-07-06/1961-07-08
1,1961-07-26/1961-07-26,1,1961-08-05/1961-08-05,6,1962-06-20/1962-06-25,7,1960-07-27/1960-08-02,4,1963-07-17/1963-07-20,6,1961-07-12/1961-07-17
1,1961-08-05/1961-08-05,9,1961-08-27/1961-09-04,1,1962-07-12/1962-07-12,4,1960-08-24/1960-08-27,1,1963-07-26/1963-07-26,1,1961-08-26/1961-08-26
6,1961-08-26/1961-08-31,4,1962-06-15/1962-06-18,3,1962-07-26/1962-07-28,11,1961-05-31/1961-06-10,1,1963-08-22/1963-08-22,1,1962-07-04/1962-07-04
5,1962-06-21/1962-06-25,2,1962-06-22/1962-06-23,15,1962-08-04/1962-08-18,1,1961-07-02/1961-07-02,14,1963-08-28/1963-09-10,4,1963-06-26/1963-06-29
1,1962-07-03/1962-07-03,2,1962-07-25/1962-07-26,6,1962-08-25/1962-08-30,7,1961-07-13/1961-07-19,3,1964-06-01/1964-06-03,5,1963-07-17/1963-07-21
1,1962-07-14/1962-07-14,3,1962-08-12/1962-08-14,11,1963-06-22/1963-07-02,3,1961-08-30/1961-09-01,2,1964-06-21/1964-06-22,1,1963-07-26/1963-07-26
1,1962-07-19/1962-07-19,3,1963-05-30/1963-06-01,3,1963-07-19/1963-07-21,9,1963-05-25/1963-06-02,5,1964-07-12/1964-07-16,1,1963-08-03/1963-08-03
9,1962-07-24/1962-08-01,2,1963-06-08/1963-06-09,2,1963-07-25/1963-07-26,2,1963-06-28/1963-06-29,1,1964-07-29/1964-07-29,18,1963-08-22/1963-09-08
4,1962-08-11/1962-08-14,6,1963-07-20/1963-07-25,8,1963-08-01/1963-08-08,5,1963-07-30/1963-08-03,3,1965-07-14/1965-07-16,2,1964-06-16/1964-06-17
29,1962-08-18/1962-09-15,7,1963-07-31/1963-08-06,5,1963-08-14/1963-08-18,2,1963-08-07/1963-08-08,1,1965-08-25/1965-08-25,2,1964-06-24/1964-06-25
2,1963-06-20/1963-06-21,4,1964-06-04/1964-06-07,2,1963-08-27/1963-08-28,1,1964-06-15/1964-06-15,3,1966-06-06/1966-06-08,3,1964-07-03/1964-07-05
2,1963-07-08/1963-07-09,3,1964-06-11/1964-06-13,6,1964-06-02/1964-06-07,3,1964-07-15/1964-07-17,2,1966-06-21/1966-06-22,6,1964-07-12/1964-07-17
1,1963-07-16/1963-07-16,3,1964-06-26/1964-06-28,2,1964-06-21/1964-06-22,2,1964-07-23/1964-07-24,12,1966-07-15/1966-07-26,6,1964-08-02/1964-08-07
5,1963-07-21/1963-07-25,18,1964-07-14/1964-07-31,4,1964-07-19/1964-07-22,4,1964-08-07/1964-08-10,13,1966-08-04/1966-08-16,2,1964-08-21/1964-08-22
2,1963-08-25/1963-08-26,3,1964-08-04/1964-08-06,1,1965-06-04/1965-06-04,1,1965-06-07/1965-06-07,3,1966-08-21/1966-08-23,1,1965-06-09/1965-06-09
6,1964-06-07/1964-06-12,1,1964-08-17/1964-08-17,5,1965-06-23/1965-06-27,3,1965-07-20/1965-07-22,4,1967-06-27/1967-06-30,2,1965-06-19/1965-06-20
12,1964-07-15/1964-07-26,4,1964-08-25/1964-08-28,2,1965-07-16/1965-07-17,2,1965-08-25/1965-08-26,1,1967-07-23/1967-07-23,4,1965-06-24/1965-06-27
7,1964-07-31/1964-08-06,1,1965-06-25/1965-06-25,3,1965-07-24/1965-07-26,12,1966-06-10/1966-06-21,4,1967-08-02/1967-08-05,2,1965-07-13/1965-07-14
5,1964-08-28/1964-09-01,1,1965-07-14/1965-07-14,1,1966-08-05/1966-08-05,8,1966-07-19/1966-07-26,4,1967-08-15/1967-08-18,11,1965-08-26/1965-09-05
16,1965-06-14/1965-06-29,14,1966-06-04/1966-06-17,6,1966-08-14/1966-08-19,7,1967-05-28/1967-06-03,1,1968-06-10/1968-06-10,1,1966-06-11/1966-06-11
3,1965-08-04/1965-08-06,2,1966-07-03/1966-07-04,7,1967-06-26/1967-07-02,1,1967-06-20/1967-06-20,4,1968-06-19/1968-06-22,2,1966-06-19/1966-06-20
4,1966-06-03/1966-06-06,3,1966-08-11/1966-08-13,3,1967-07-15/1967-07-17,3,1967-07-08/1967-07-10,2,1968-07-06/1968-07-07,7,1966-07-10/1966-07-16
1,1966-06-28/1966-06-28,2,1966-08-19/1966-08-20,2,1967-07-23/1967-07-24,3,1967-07-18/1967-07-20,16,1968-08-22/1968-09-06,2,1966-07-26/1966-07-27
3,1966-07-11/1966-07-13,3,1967-06-23/1967-06-25,4,1967-08-02/1967-08-05,3,1967-08-02/1967-08-04,1,1969-07-08/1969-07-08,4,1966-08-01/1966-08-04
4,1966-08-11/1966-08-14,2,1967-07-01/1967-07-02,3,1967-08-09/1967-08-11,3,1967-08-27/1967-08-29,7,1969-08-25/1969-08-31,4,1966-08-08/1966-08-11
2,1967-06-22/1967-06-23,8,1967-07-12/1967-07-19,1,1967-08-17/1967-08-17,3,1968-06-03/1968-06-05,1,1970-06-06/1970-06-06,1,1967-06-04/1967-06-04
1,1967-06-30/1967-06-30,4,1967-07-30/1967-08-02,1,1968-06-19/1968-06-19,1,1968-06-13/1968-06-13,3,1970-07-03/1970-07-05,3,1967-06-21/1967-06-23
1,1967-07-09/1967-07-09,1,1967-08-23/1967-08-23,2,1968-06-28/1968-06-29,3,1968-07-02/1968-07-04,3,1970-07-17/1970-07-19,2,1967-07-21/1967-07-22
6,1967-07-17/1967-07-22,4,1968-06-16/1968-06-19,10,1968-07-06/1968-07-15,7,1968-08-22/1968-08-28,1,1970-08-11/1970-08-11,10,1967-07-29/1967-08-07
4,1967-07-30/1967-08-02,5,1968-06-28/1968-07-02,5,1969-05-28/1969-06-01,5,1969-06-18/1969-06-22,2,1971-06-03/1971-06-04,13,1967-08-13/1967-08-25
9,1967-08-15/1967-08-23,8,1968-08-22/1968-08-29,1,1969-06-19/1969-06-19,3,1969-06-26/1969-06-28,3,1971-06-09/1971-06-11,3,1968-06-05/1968-06-07
2,1967-08-31/1967-09-01,6,1969-06-10/1969-06-15,4,1969-08-14/1969-08-17,1,1969-07-23/1969-07-23,5,1971-07-25/1971-07-29,3,1968-06-24/1968-06-26
3,1968-06-06/1968-06-08,28,1969-07-15/1969-08-11,3,1970-06-09/1970-06-11,24,1969-07-28/1969-08-20,2,1971-08-07/1971-08-08,9,1968-08-16/1968-08-24
5,1968-06-27/1968-07-01,7,1970-06-06/1970-06-12,1,1970-06-17/1970-06-17,7,1970-06-04/1970-06-10,5,1971-08-12/1971-08-16,5,1969-07-10/1969-07-14
3,1968-07-08/1968-07-10,3,1970-06-20/1970-06-22,6,1970-07-09/1970-07-14,1,1970-06-19/1970-06-19,3,1972-06-01/1972-06-03,3,1969-08-29/1969-08-31
1,1968-07-27/1968-07-27,2,1970-06-26/1970-06-27,2,1970-07-23/1970-07-24,3,1970-06-23/1970-06-25,39,1972-06-14/1972-07-22,6,1970-06-01/1970-06-06
5,1968-08-21/1968-08-25,3,1970-07-06/1970-07-08,4,1970-08-05/1970-08-08,2,1970-06-29/1970-06-30,3,1972-07-26/1972-07-28,9,1970-06-26/1970-07-04
1,1969-07-13/1969-07-13,7,1970-08-01/1970-08-07,12,1971-07-28/1971-08-08,2,1970-07-09/1970-07-10,26,1972-08-03/1972-08-28,4,1970-07-19/1970-07-22
8,1969-07-17/1969-07-24,4,1971-06-01/1971-06-04,3,1971-08-14/1971-08-16,1,1970-07-20/1970-07-20,8,1973-06-04/1973-06-11,3,1970-07-30/1970-08-01
1,1969-07-28/1969-07-28,7,1971-07-06/1971-07-12,12,1972-06-06/1972-06-17,3,1970-08-03/1970-08-05,3,1973-06-29/1973-07-01,3,1970-08-05/1970-08-07
4,1969-08-05/1969-08-08,10,1971-07-25/1971-08-03,1,1972-06-23/1972-06-23,2,1970-08-20/1970-08-21,3,1973-07-05/1973-07-07,2,1971-07-26/1971-07-27
1,1969-08-13/1969-08-13,2,1971-08-19/1971-08-20,3,1972-07-24/1972-07-26,6,1971-05-29/1971-06-03,2,1973-08-06/1973-08-07,2,1971-08-29/1971-08-30
12,1970-05-23/1970-06-03,7,1972-07-16/1972-07-22,9,1972-08-09/1972-08-17,3,1971-07-03/1971-07-05,2,1974-08-17/1974-08-18,24,1972-06-21/1972-07-14
2,1970-06-25/1970-06-26,10,1973-06-26/1973-07-05,1,1973-06-02/1973-06-02,1,1971-07-31/1971-07-31,6,1975-06-05/1975-06-10,10,1972-08-03/1972-08-12
1,1970-07-02/1970-07-02,1,1973-08-06/1973-08-06,2,1973-06-28/1973-06-29,2,1971-08-05/1971-08-06,6,1975-06-17/1975-06-22,7,1972-08-18/1972-08-24
1,1970-07-06/1970-07-06,10,1973-08-11/1973-08-20,8,1973-07-15/1973-07-22,1,1971-08-26/1971-08-26,3,1975-06-27/1975-06-29,14,1973-06-01/1973-06-14
3,1970-07-11/1970-07-13,4,1974-08-14/1974-08-17,1,1973-08-07/1973-08-07,2,1972-06-06/1972-06-07,2,1975-07-03/1975-07-04,4,1973-07-02/1973-07-05
3,1970-07-26/1970-07-28,2,1975-06-12/1975-06-13,1,1973-08-21/1973-08-21,25,1972-06-26/1972-07-20,4,1975-07-14/1975-07-17,3,1973-08-19/1973-08-21
1,1970-08-17/1970-08-17,3,1975-06-21/1975-06-23,6,1974-07-13/1974-07-18,5,1972-07-30/1972-08-03,4,1975-07-23/1975-07-26,6,1974-06-08/1974-06-13
3,1971-06-20/1971-06-22,9,1975-07-07/1975-07-15,7,1974-07-30/1974-08-05,3,1972-08-07/1972-08-09,2,1975-08-05/1975-08-06,6,1974-06-17/1974-06-22
3,1971-07-29/1971-07-31,15,1975-07-29/1975-08-12,7,1974-08-16/1974-08-22,3,1973-05-30/1973-06-01,3,1975-08-24/1975-08-26,1,1974-06-30/1974-06-30
4,1971-08-13/1971-08-16,1,1975-08-20/1975-08-20,2,1975-06-15/1975-06-16,6,1973-06-21/1973-06-26,1,1976-06-28/1976-06-28,1,1974-07-04/1974-07-04
1,1971-08-28/1971-08-28,7,1975-08-28/1975-09-03,2,1975-06-23/1975-06-24,8,1973-07-01/1973-07-08,9,1977-06-09/1977-06-17,14,1974-07-14/1974-07-27
6,1973-06-14/1973-06-19,9,1976-06-07/1976-06-15,1,1975-06-28/1975-06-28,6,1973-07-15/1973-07-20,3,1977-07-26/1977-07-28,3,1974-08-12/1974-08-14
6,1973-06-29/1973-07-04,29,1976-06-22/1976-07-20,5,1975-07-15/1975-07-19,3,1973-08-15/1973-08-17,11,1977-08-01/1977-08-11,2,1974-08-27/1974-08-28
1,1973-07-11/1973-07-11,6,1976-08-24/1976-08-29,11,1977-06-10/1977-06-20,10,1974-06-13/1974-06-22,8,1979-05-25/1979-06-01,1,1975-06-21/1975-06-21
17,1973-08-08/1973-08-24,1,1977-06-13/1977-06-13,2,1977-07-09/1977-07-10,15,1974-08-26/1974-09-09,4,1979-06-15/1979-06-18,1,1975-07-03/1975-07-03
7,1973-08-29/1973-09-04,5,1977-07-03/1977-07-07,1,1977-07-31/1977-07-31,1,1975-06-08/1975-06-08,5,1979-06-26/1979-06-30,12,1975-07-24/1975-08-04
7,1974-06-02/1974-06-08,2,1977-07-11/1977-07-12,1,1977-08-22/1977-08-22,1,1975-06-20/1975-06-20,3,1979-08-02/1979-08-04,1,1976-07-22/1976-07-22
3,1974-06-30/1974-07-02,10,1978-05-29/1978-06-07,2,1977-08-29/1977-08-30,13,1975-07-29/1975-08-10,10,1979-08-19/1979-08-28,1,1976-07-29/1976-07-29
5,1974-07-08/1974-07-12,3,1978-07-28/1978-07-30,1,1978-06-10/1978-06-10,1,1976-07-16/1976-07-16,1,1980-06-01/1980-06-01,1,1976-08-03/1976-08-03
2,1974-07-28/1974-07-29,1,1978-08-22/1978-08-22,1,1978-07-13/1978-07-13,8,1976-08-10/1976-08-17,3,1980-06-09/1980-06-11,3,1976-08-15/1976-08-17
1,1974-08-06/1974-08-06,7,1979-05-29/1979-06-04,2,1978-08-07/1978-08-08,1,1976-08-23/1976-08-23,2,1980-06-24/1980-06-25,14,1977-06-03/1977-06-16
4,1974-08-14/1974-08-17,3,1979-08-31/1979-09-02,19,1979-05-26/1979-06-13,2,1976-08-29/1976-08-30,2,1980-07-23/1980-07-24,3,1977-07-01/1977-07-03
5,1975-07-12/1975-07-16,2,1980-06-04/1980-06-05,1,1979-06-17/1979-06-17,3,1977-06-13/1977-06-15,6,1981-06-07/1981-06-12,3,1977-07-21/1977-07-23
1,1975-07-21/1975-07-21,2,1980-06-13/1980-06-14,4,1979-06-26/1979-06-29,6,1977-07-04/1977-07-09,12,1981-06-20/1981-07-01,13,1977-07-27/1977-08-08
12,1975-07-28/1975-08-08,5,1980-07-25/1980-07-29,2,1979-07-20/1979-07-21,1,1977-08-05/1977-08-05,2,1981-07-08/1981-07-09,3,1978-06-23/1978-06-25
3,1975-08-18/1975-08-20,3,1980-08-02/1980-08-04,5,1979-07-31/1979-08-04,8,1978-05-30/1978-06-06,21,1981-07-13/1981-08-02,2,1978-08-27/1978-08-28
3,1976-05-31/1976-06-02,1,1980-08-29/1980-08-29,3,1980-06-13/1980-06-15,2,1978-06-22/1978-06-23,2,1981-08-07/1981-08-08,3,1979-06-15/1979-06-17
8,1976-06-10/1976-06-17,4,1981-05-31/1981-06-03,1,1980-06-24/1980-06-24,1,1978-07-01/1978-07-01,3,1981-08-21/1981-08-23,2,1979-07-02/1979-07-03
7,1976-06-21/1976-06-27,1,1981-06-08/1981-06-08,2,1980-07-09/1980-07-10,6,1978-07-28/1978-08-02,6,1982-07-10/1982-07-15,1,1979-07-12/1979-07-12
2,1976-07-09/1976-07-10,2,1981-06-14/1981-06-15,1,1980-07-16/1980-07-16,1,1978-08-22/1978-08-22,8,1982-08-26/1982-09-02,12,1979-08-17/1979-08-28
2,1976-07-14/1976-07-15,4,1981-07-07/1981-07-10,8,1980-08-02/1980-08-09,3,1979-05-31/1979-06-02,4,1983-07-01/1983-07-04,3,1980-06-04/1980-06-06
5,1976-08-04/1976-08-08,4,1981-08-04/1981-08-07,1,1980-08-30/1980-08-30,2,1979-06-06/1979-06-07,8,1983-07-10/1983-07-17,6,1980-06-16/1980-06-21
4,1978-07-14/1978-07-17,2,1981-08-14/1981-08-15,4,1981-06-01/1981-06-04,5,1979-06-21/1979-06-25,7,1983-08-06/1983-08-12,2,1980-07-27/1980-07-28
6,1978-08-21/1978-08-26,10,1982-05-31/1982-06-09,5,1981-06-08/1981-06-12,2,1979-07-08/1979-07-09,2,1984-06-05/1984-06-06,1,1981-06-10/1981-06-10
3,1979-07-08/1979-07-10,8,1982-07-08/1982-07-15,7,1981-06-27/1981-07-03,1,1979-07-13/1979-07-13,8,1984-07-13/1984-07-20,1,1981-06-21/1981-06-21
1,1979-07-16/1979-07-16,2,1982-07-20/1982-07-21,1,1981-07-18/1981-07-18,8,1979-08-14/1979-08-21,13,1985-08-07/1985-08-19,4,1981-06-25/1981-06-28
4,1979-07-27/1979-07-30,5,1982-08-01/1982-08-05,9,1981-08-02/1981-08-10,9,1980-06-02/1980-06-10,5,1985-08-26/1985-08-30,1,1981-07-05/1981-07-05
1,1979-08-06/1979-08-06,1,1982-08-12/1982-08-12,6,1982-06-22/1982-06-27,6,1980-06-15/1980-06-20,17,1986-05-30/1986-06-15,2,1981-07-11/1981-07-12
2,1979-08-13/1979-08-14,6,1983-06-04/1983-06-09,2,1982-07-16/1982-07-17,12,1980-07-24/1980-08-04,1,1986-06-20/1986-06-20,3,1981-07-22/1981-07-24
3,1980-06-03/1980-06-05,2,1983-06-20/1983-06-21,2,1982-07-21/1982-07-22,4,1980-08-14/1980-08-17,3,1986-07-06/1986-07-08,10,1981-07-29/1981-08-07
1,1980-07-24/1980-07-24,28,1983-07-05/1983-08-01,7,1982-08-14/1982-08-20,3,1981-07-09/1981-07-11,9,1986-08-03/1986-08-11,7,1981-08-17/1981-08-23
6,1980-08-02/1980-08-07,2,1983-08-09/1983-08-10,16,1982-08-28/1982-09-12,1,1981-07-26/1981-07-26,7,1987-06-10/1987-06-16,2,1981-08-30/1981-08-31
3,1980-08-11/1980-08-13,18,1983-08-16/1983-09-02,4,1983-06-02/1983-06-05,4,1982-06-02/1982-06-05,4,1987-07-23/1987-07-26,9,1982-07-04/1982-07-12
5,1980-08-20/1980-08-24,2,1984-06-19/1984-06-20,2,1983-07-06/1983-07-07,2,1982-07-10/1982-07-11,5,1988-06-04/1988-06-08,4,1982-07-16/1982-07-19
3,1980-08-29/1980-08-31,5,1984-07-08/1984-07-12,3,1983-07-18/1983-07-20,3,1982-07-15/1982-07-17,13,1988-06-25/1988-07-07,8,1982-08-26/1982-09-02
12,1981-06-06/1981-06-17,2,1984-07-30/1984-07-31,3,1983-07-27/1983-07-29,11,1982-07-29/1982-08-08,13,1988-07-12/1988-07-24,4,1983-06-14/1983-06-17
3,1981-07-14/1981-07-16,6,1984-08-19/1984-08-24,1,1983-08-02/1983-08-02,6,1983-07-07/1983-07-12,5,1988-08-23/1988-08-27,12,1983-06-29/1983-07-10
2,1981-07-29/1981-07-30,5,1984-08-30/1984-09-03,4,1984-07-12/1984-07-15,5,1983-07-23/1983-07-27,10,1989-06-03/1989-06-12,3,1983-07-22/1983-07-24
4,1982-06-07/1982-06-10,3,1985-06-03/1985-06-05,3,1985-06-06/1985-06-08,2,1983-08-08/1983-08-09,4,1989-06-27/1989-06-30,2,1983-08-04/1983-08-05
3,1982-06-15/1982-06-17,2,1985-07-13/1985-07-14,1,1985-07-20/1985-07-20,2,1983-08-21/1983-08-22,6,1989-07-10/1989-07-15,1,1983-08-23/1983-08-23
1,1982-06-21/1982-06-21,1,1985-07-25/1985-07-25,5,1985-07-28/1985-08-01,23,1984-05-15/1984-06-06,3,1989-08-17/1989-08-19,10,1984-05-26/1984-06-04
13,1982-06-29/1982-07-11,1,1985-08-14/1985-08-14,5,1985-08-13/1985-08-17,2,1984-07-10/1984-07-11,2,1990-07-06/1990-07-07,6,1984-06-22/1984-06-27
3,1982-08-11/1982-08-13,6,1986-06-15/1986-06-20,4,1985-08-23/1985-08-26,8,1984-07-31/1984-08-07,1,1990-08-17/1990-08-17,11,1984-07-30/1984-08-09
4,1982-08-17/1982-08-20,10,1986-06-26/1986-07-05,7,1986-06-14/1986-06-20,2,1984-08-21/1984-08-22,17,1991-06-18/1991-07-04,6,1985-06-13/1985-06-18
14,1983-06-03/1983-06-16,1,1986-07-28/1986-07-28,1,1986-07-06/1986-07-06,4,1985-06-20/1985-06-23,1,1991-07-31/1991-07-31,8,1985-08-07/1985-08-14
2,1983-07-13/1983-07-14,1,1986-08-03/1986-08-03,4,1986-08-02/1986-08-05,1,1985-07-06/1985-07-06,3,1991-08-07/1991-08-09,5,1985-08-23/1985-08-27
2,1983-07-29/1983-07-30,3,1987-06-28/1987-06-30,4,1986-08-10/1986-08-13,2,1985-07-12/1985-07-13,6,1992-06-16/1992-06-21,12,1986-06-02/1986-06-13
1,1984-06-15/1984-06-15,3,1987-07-05/1987-07-07,3,1986-08-18/1986-08-20,2,1985-08-10/1985-08-11,3,1992-07-13/1992-07-15,1,1986-07-11/1986-07-11
3,1984-07-22/1984-07-24,3,1987-08-20/1987-08-22,9,1987-06-08/1987-06-16,1,1985-08-17/1985-08-17,2,1992-07-22/1992-07-23,2,1986-07-31/1986-08-01
2,1984-07-28/1984-07-29,1,1988-06-30/1988-06-30,5,1987-06-29/1987-07-03,1,1985-08-29/1985-08-29,5,1992-08-04/1992-08-08,1,1986-08-06/1986-08-06
3,1985-07-06/1985-07-08,2,1988-07-22/1988-07-23,11,1987-07-16/1987-07-26,6,1986-06-02/1986-06-07,7,1992-08-12/1992-08-18,1,1987-06-22/1987-06-22
4,1985-07-22/1985-07-25,2,1988-08-07/1988-08-08,2,1988-06-10/1988-06-11,2,1986-06-11/1986-06-12,5,1992-08-29/1992-09-02,2,1987-07-21/1987-07-22
1,1985-08-04/1985-08-04,2,1988-08-14/1988-08-15,9,1988-07-01/1988-07-09,4,1986-06-16/1986-06-19,3,1993-07-21/1993-07-23,1,1987-08-04/1987-08-04
3,1985-08-20/1985-08-22,10,1989-06-12/1989-06-21,7,1988-07-23/1988-07-29,3,1986-06-25/1986-06-27,1,1993-08-07/1993-08-07,2,1988-06-05/1988-06-06
2,1986-06-27/1986-06-28,2,1989-06-25/1989-06-26,2,1988-08-02/1988-08-03,5,1986-07-28/1986-08-01,1,1994-07-12/1994-07-12,16,1988-06-20/1988-07-05
1,1986-07-05/1986-07-05,4,1989-07-05/1989-07-08,10,1988-08-11/1988-08-20,4,1987-07-19/1987-07-22,3,1994-07-31/1994-08-02,13,1988-07-11/1988-07-23
2,1986-07-29/1986-07-30,6,1989-07-21/1989-07-26,4,1989-07-07/1989-07-10,1,1988-06-08/1988-06-08,4,1994-08-06/1994-08-09,2,1988-08-08/1988-08-09
1,1986-08-16/1986-08-16,8,1989-08-15/1989-08-22,9,1989-08-15/1989-08-23,14,1988-06-20/1988-07-03,17,1995-05-19/1995-06-04,7,1988-08-22/1988-08-28
2,1986-08-21/1986-08-22,1,1990-06-01/1990-06-01,4,1990-06-29/1990-07-02,11,1988-07-11/1988-07-21,11,1995-06-09/1995-06-19,7,1989-06-05/1989-06-11
8,1987-05-31/1987-06-07,1,1990-06-26/1990-06-26,3,1991-06-16/1991-06-18,15,1988-08-27/1988-09-10,1,1995-07-09/1995-07-09,3,1989-06-16/1989-06-18
8,1987-06-27/1987-07-04,1,1990-07-21/1990-07-21,3,1991-07-11/1991-07-13,7,1989-06-16/1989-06-22,2,1995-08-19/1995-08-20,9,1989-06-24/1989-07-02
10,1987-08-12/1987-08-21,7,1990-07-30/1990-08-05,3,1991-08-10/1991-08-12,2,1989-06-27/1989-06-28,20,1995-08-24/1995-09-12,5,1989-07-14/1989-07-18
2,1988-06-02/1988-06-03,2,1990-08-12/1990-08-13,2,1992-06-02/1992-06-03,1,1989-07-07/1989-07-07,8,1996-07-07/1996-07-14,9,1989-07-29/1989-08-06
1,1988-07-11/1988-07-11,6,1990-08-24/1990-08-29,2,1992-06-23/1992-06-24,4,1989-07-24/1989-07-27,7,1996-08-17/1996-08-23,2,1989-08-16/1989-08-17
3,1988-07-26/1988-07-28,9,1991-07-04/1991-07-12,9,1992-08-06/1992-08-14,2,1989-08-15/1989-08-16,8,1997-06-08/1997-06-15,4,1990-06-24/1990-06-27
2,1988-08-01/1988-08-02,2,1991-08-06/1991-08-07,15,1992-08-18/1992-09-01,1,1989-08-21/1989-08-21,8,1997-06-27/1997-07-04,16,1990-07-06/1990-07-21
2,1988-08-18/1988-08-19,1,1991-08-22/1991-08-22,7,1993-05-27/1993-06-02,3,1990-06-23/1990-06-25,8,1997-08-23/1997-08-30,2,1990-08-05/1990-08-06
1,1988-08-27/1988-08-27,6,1991-08-31/1991-09-05,7,1993-06-06/1993-06-12,3,1990-08-02/1990-08-04,17,1998-06-04/1998-06-20,7,1990-08-10/1990-08-16
7,1989-06-11/1989-06-17,21,1992-05-13/1992-06-02,2,1993-06-22/1993-06-23,5,1990-08-13/1990-08-17,3,1998-07-23/1998-07-25,2,1991-06-06/1991-06-07
6,1989-06-21/1989-06-26,3,1992-06-14/1992-06-16,2,1993-07-04/1993-07-05,3,1990-08-29/1990-08-31,8,1998-07-29/1998-08-05,1,1991-06-21/1991-06-21
2,1989-06-30/1989-07-01,3,1992-06-28/1992-06-30,4,1993-07-18/1993-07-21,5,1991-07-05/1991-07-09,7,1999-06-06/1999-06-12,7,1991-06-25/1991-07-01
5,1989-07-17/1989-07-21,2,1992-07-20/1992-07-21,8,1993-07-30/1993-08-06,9,1991-07-29/1991-08-06,9,1999-06-16/1999-06-24,2,1991-08-24/1991-08-25
7,1989-07-26/1989-08-01,3,1992-07-30/1992-08-01,4,1993-08-22/1993-08-25,6,1991-08-22/1991-08-27,11,1999-06-28/1999-07-08,2,1991-08-29/1991-08-30
5,1989-08-21/1989-08-25,3,1992-08-07/1992-08-09,2,1994-06-03/1994-06-04,25,1992-05-22/1992-06-15,2,1999-07-14/1999-07-15,4,1992-06-13/1992-06-16
4,1990-05-31/1990-06-03,2,1992-08-19/1992-08-20,11,1994-06-27/1994-07-07,2,1992-06-26/1992-06-27,1,1999-07-26/1999-07-26,3,1992-07-14/1992-07-16
3,1990-06-24/1990-06-26,4,1992-08-25/1992-08-28,3,1994-07-17/1994-07-19,1,1994-06-29/1994-06-29,2,2000-07-22/2000-07-23,1,1992-07-23/1992-07-23
1,1990-07-09/1990-07-09,6,1993-06-05/1993-06-10,12,1994-08-02/1994-08-13,9,1994-07-07/1994-07-15,3,2000-08-20/2000-08-22,2,1992-08-04/1992-08-05
8,1990-07-17/1990-07-24,1,1993-07-04/1993-07-04,3,1994-08-22/1994-08-24,16,1994-07-22/1994-08-06,15,2001-07-14/2001-07-28,3,1993-06-02/1993-06-04
5,1990-08-01/1990-08-05,11,1994-06-24/1994-07-04,4,1994-08-31/1994-09-03,14,1995-05-26/1995-06-08,2,2001-08-10/2001-08-11,1,1993-07-18/1993-07-18
4,1991-06-12/1991-06-15,7,1994-07-11/1994-07-17,1,1995-07-03/1995-07-03,1,1995-06-15/1995-06-15,5,2001-08-17/2001-08-21,1,1993-07-25/1993-07-25
4,1991-06-23/1991-06-26,16,1994-07-22/1994-08-06,1,1995-07-22/1995-07-22,2,1995-06-24/1995-06-25,2,2002-06-20/2002-06-21,8,1993-07-29/1993-08-05
10,1991-07-10/1991-07-19,1,1995-06-20/1995-06-20,7,1996-06-07/1996-06-13,7,1995-07-28/1995-08-03,12,2002-07-03/2002-07-14,2,1994-06-07/1994-06-08
2,1991-08-05/1991-08-06,6,1995-06-26/1995-07-01,4,1996-07-05/1996-07-08,3,1995-08-16/1995-08-18,6,2002-07-28/2002-08-02,1,1994-07-01/1994-07-01
8,1991-08-13/1991-08-20,7,1995-07-08/1995-07-14,4,1997-06-14/1997-06-17,1,1995-08-22/1995-08-22,12,2002-08-30/2002-09-10,1,1994-07-11/1994-07-11
4,1991-08-25/1991-08-28,3,1995-07-19/1995-07-21,1,1997-06-22/1997-06-22,1,1996-06-11/1996-06-11,2,2003-07-28/2003-07-29,4,1994-08-03/1994-08-06
2,1992-07-27/1992-07-28,11,1995-07-25/1995-08-04,3,1997-06-28/1997-06-30,25,1996-08-07/1996-08-31,5,2004-06-21/2004-06-25,2,1994-08-28/1994-08-29
7,1992-08-01/1992-08-07,2,1995-08-11/1995-08-12,2,1997-07-04/1997-07-05,1,1997-06-02/1997-06-02,5,2004-08-19/2004-08-23,8,1995-06-09/1995-06-16
2,1992-08-17/1992-08-18,7,1995-08-18/1995-08-24,5,1998-06-04/1998-06-08,9,1997-06-06/1997-06-14,3,2004-08-30/2004-09-01,2,1995-06-23/1995-06-24
4,1992-08-24/1992-08-27,8,1996-06-05/1996-06-12,5,1998-06-28/1998-07-02,10,1997-06-28/1997-07-07,2,2006-06-04/2006-06-05,1,1995-07-18/1995-07-18
3,1993-06-17/1993-06-19,3,1996-08-18/1996-08-20,16,1998-07-21/1998-08-05,12,1997-07-13/1997-07-24,11,2006-06-19/2006-06-29,3,1995-08-02/1995-08-04
1,1993-07-28/1993-07-28,8,1997-06-05/1997-06-12,1,1998-08-09/1998-08-09,9,1997-08-02/1997-08-10,5,2006-07-10/2006-07-14,1,1995-08-18/1995-08-18
3,1993-08-04/1993-08-06,20,1997-08-08/1997-08-27,5,1999-06-07/1999-06-11,21,1997-08-17/1997-09-06,3,2006-08-18/2006-08-20,12,1995-08-27/1995-09-07
2,1993-08-19/1993-08-20,3,1998-06-05/1998-06-07,3,1999-07-05/1999-07-07,1,1998-06-28/1998-06-28,14,2007-05-19/2007-06-01,3,1996-07-11/1996-07-13
3,1994-05-30/1994-06-01,2,1998-06-20/1998-06-21,5,1999-08-07/1999-08-11,6,1999-06-12/1999-06-17,5,2007-06-14/2007-06-18,8,1996-08-14/1996-08-21
3,1994-06-05/1994-06-07,2,1998-07-20/1998-07-21,4,1999-08-18/1999-08-21,6,1999-06-26/1999-07-01,1,2007-08-07/2007-08-07,3,1996-08-31/1996-09-02
2,1994-06-22/1994-06-23,5,1998-08-08/1998-08-12,2,2000-06-05/2000-06-06,6,1999-07-10/1999-07-15,14,2007-08-13/2007-08-26,4,1997-06-08/1997-06-11
8,1994-06-29/1994-07-06,7,1999-05-27/1999-06-02,4,2000-06-12/2000-06-15,1,1999-08-02/1999-08-02,9,2008-08-13/2008-08-21,3,1997-06-29/1997-07-01
2,1994-07-10/1994-07-11,4,1999-07-02/1999-07-05,2,2000-06-22/2000-06-23,2,2000-06-29/2000-06-30,3,2009-06-10/2009-06-12,1,1997-07-29/1997-07-29
4,1994-07-15/1994-07-18,3,1999-07-10/1999-07-12,6,2000-07-03/2000-07-08,1,2000-08-28/2000-08-28,5,2009-07-15/2009-07-19,4,1997-08-07/1997-08-10
4,1994-08-05/1994-08-08,3,1999-07-18/1999-07-20,3,2000-07-25/2000-07-27,2,2001-06-23/2001-06-24,2,2010-06-02/2010-06-03,7,1997-08-22/1997-08-28
8,1994-08-16/1994-08-23,1,1999-08-01/1999-08-01,9,2000-08-16/2000-08-24,1,2001-06-28/2001-06-28,3,2010-06-11/2010-06-13,8,1998-06-09/1998-06-16
2,1994-08-27/1994-08-28,1,2000-06-13/2000-06-13,1,2001-06-11/2001-06-11,7,2001-07-04/2001-07-10,5,2010-06-25/2010-06-29,2,1998-07-11/1998-07-12
4,1995-06-19/1995-06-22,5,2000-06-18/2000-06-22,3,2001-07-14/2001-07-16,2,2001-08-16/2001-08-17,44,2010-07-05/2010-08-17,3,1998-07-18/1998-07-20
7,1995-07-18/1995-07-24,1,2000-08-14/2000-08-14,13,2001-07-29/2001-08-10,16,2002-05-28/2002-06-12,3,2011-05-31/2011-06-02,3,1998-07-31/1998-08-02
2,1995-07-28/1995-07-29,13,2001-06-25/2001-07-07,4,2001-08-17/2001-08-20,1,2002-06-18/2002-06-18,1,2011-07-08/2011-07-08,3,1998-08-23/1998-08-25
5,1995-08-12/1995-08-16,6,2001-07-26/2001-07-31,2,2001-08-26/2001-08-27,2,2002-07-10/2002-07-11,4,2011-07-18/2011-07-21,1,1999-06-10/1999-06-10
2,1996-06-05/1996-06-06,2,2001-08-14/2001-08-15,10,2002-06-15/2002-06-24,4,2002-07-28/2002-07-31,5,2011-07-25/2011-07-29,14,1999-06-20/1999-07-03
7,1996-06-10/1996-06-16,4,2001-08-23/2001-08-26,1,2002-07-03/2002-07-03,22,2002-08-09/2002-08-30,2,2011-08-14/2011-08-15,2,1999-07-15/1999-07-16
1,1996-07-19/1996-07-19,4,2002-06-16/2002-06-19,8,2002-07-09/2002-07-16,1,2003-06-04/2003-06-04,5,2012-06-11/2012-06-15,2,1999-07-22/1999-07-23
1,1996-07-24/1996-07-24,3,2002-07-28/2002-07-30,11,2003-06-05/2003-06-15,2,2003-07-02/2003-07-03,3,2012-07-05/2012-07-07,13,2000-05-21/2000-06-02
1,1998-06-09/1998-06-09,3,2002-08-17/2002-08-19,2,2003-06-24/2003-06-25,20,2003-07-14/2003-08-02,4,2012-08-04/2012-08-07,8,2000-06-23/2000-06-30
4,1998-06-19/1998-06-22,1,2002-08-30/2002-08-30,3,2003-07-01/2003-07-03,12,2004-07-30/2004-08-10,1,2013-06-16/2013-06-16,11,2000-07-13/2000-07-23
1,1998-07-12/1998-07-12,17,2003-05-29/2003-06-14,1,2003-07-17/2003-07-17,1,2005-06-20/2005-06-20,5,2013-06-24/2013-06-28,7,2000-08-27/2000-09-02
3,1998-07-17/1998-07-19,1,2003-06-23/2003-06-23,2,2003-07-22/2003-07-23,10,2005-07-03/2005-07-12,3,2013-07-04/2013-07-06,7,2001-06-07/2001-06-13
2,1998-07-23/1998-07-24,1,2003-06-29/2003-06-29,2,2003-08-04/2003-08-05,2,2005-07-18/2005-07-19,6,2014-06-03/2014-06-08,4,2001-07-10/2001-07-13
2,1998-07-29/1998-07-30,8,2003-07-14/2003-07-21,11,2003-08-14/2003-08-24,1,2005-08-25/2005-08-25,1,2014-08-03/2014-08-03,2,2001-07-20/2001-07-21
7,1998-08-06/1998-08-12,13,2003-08-02/2003-08-14,4,2003-08-28/2003-08-31,3,2006-06-11/2006-06-13,1,2014-08-15/2014-08-15,3,2001-08-09/2001-08-11
5,1998-08-22/1998-08-26,1,2003-08-18/2003-08-18,1,2004-07-09/2004-07-09,5,2006-06-17/2006-06-21,1,2015-06-03/2015-06-03,1,2001-08-18/2001-08-18
4,1999-06-30/1999-07-03,3,2003-08-22/2003-08-24,2,2004-07-22/2004-07-23,8,2006-07-01/2006-07-08,2,2015-06-14/2015-06-15,3,2002-07-04/2002-07-06
2,1999-07-08/1999-07-09,3,2004-06-08/2004-06-10,1,2004-08-20/2004-08-20,2,2006-08-06/2006-08-07,4,2015-08-09/2015-08-12,6,2002-07-24/2002-07-29
1,1999-07-15/1999-07-15,11,2004-08-01/2004-08-11,7,2005-07-28/2005-08-03,5,2006-08-24/2006-08-28,11,2016-06-17/2016-06-27,1,2002-08-28/2002-08-28
1,1999-07-21/1999-07-21,2,2004-08-18/2004-08-19,12,2006-06-19/2006-06-30,10,2007-06-02/2007-06-11,2,2016-07-02/2016-07-03,2,2003-07-02/2003-07-03
7,1999-08-22/1999-08-28,12,2005-06-17/2005-06-28,4,2006-08-17/2006-08-20,3,2007-07-03/2007-07-05,6,2016-07-13/2016-07-18,2,2003-07-12/2003-07-13
5,2000-05-30/2000-06-03,5,2005-07-11/2005-07-15,13,2007-06-15/2007-06-27,4,2007-08-06/2007-08-09,11,2016-07-28/2016-08-07,13,2003-07-24/2003-08-05
2,2000-06-16/2000-06-17,1,2005-07-28/2005-07-28,14,2007-07-16/2007-07-29,2,2007-08-13/2007-08-14,10,2016-08-19/2016-08-28,10,2004-06-27/2004-07-06
1,2000-07-06/2000-07-06,12,2005-08-30/2005-09-10,2,2007-08-16/2007-08-17,1,2007-08-23/2007-08-23,2,2017-07-28/2017-07-29,1,2004-07-16/2004-07-16
2,2000-07-31/2000-08-01,5,2006-06-10/2006-06-14,5,2007-08-22/2007-08-26,9,2008-05-30/2008-06-07,4,2017-08-02/2017-08-05,6,2004-08-02/2004-08-07
5,2000-08-15/2000-08-19,6,2006-07-01/2006-07-06,6,2008-06-22/2008-06-27,2,2008-07-03/2008-07-04,4,2017-08-18/2017-08-21,1,2004-08-23/2004-08-23
8,2001-05-26/2001-06-02,21,2006-07-10/2006-07-30,3,2008-08-13/2008-08-15,6,2008-07-25/2008-07-30,3,2018-06-27/2018-06-29,4,2004-08-29/2004-09-01
4,2001-06-22/2001-06-25,6,2007-06-07/2007-06-12,3,2008-08-21/2008-08-23,8,2009-06-25/2009-07-02,9,2018-07-26/2018-08-03,7,2005-06-07/2005-06-13
3,2001-06-30/2001-07-02,2,2007-06-19/2007-06-20,4,2009-06-07/2009-06-10,4,2009-08-06/2009-08-09,16,2019-05-28/2019-06-12,4,2005-07-17/2005-07-20
2,2001-07-31/2001-08-01,4,2007-07-14/2007-07-17,1,2009-06-16/2009-06-16,1,2009-08-21/2009-08-21,5,2019-06-19/2019-06-23,5,2005-07-24/2005-07-28
4,2001-08-22/2001-08-25,1,2007-08-25/2007-08-25,2,2009-07-16/2009-07-17,1,2009-08-28/2009-08-28,2,2019-08-20/2019-08-21,7,2005-08-08/2005-08-14
2,2002-06-16/2002-06-17,4,2008-05-30/2008-06-02,2,2009-07-23/2009-07-24,3,2010-07-03/2010-07-05,5,2020-06-08/2020-06-12,6,2005-08-25/2005-08-30
3,2002-06-21/2002-06-23,2,2008-06-09/2008-06-10,6,2010-06-10/2010-06-15,3,2010-07-10/2010-07-12,3,2020-06-17/2020-06-19,5,2006-05-31/2006-06-04
9,2003-06-07/2003-06-15,1,2008-06-22/2008-06-22,4,2010-07-14/2010-07-17,1,2010-07-17/2010-07-17,4,2020-07-04/2020-07-07,14,2006-06-13/2006-06-26
7,2003-06-19/2003-06-25,7,2008-07-25/2008-07-31,2,2010-07-22/2010-07-23,1,2010-07-29/2010-07-29,1,2020-08-07/2020-08-07,4,2006-07-09/2006-07-12
5,2003-07-08/2003-07-12,5,2009-06-29/2009-07-03,1,2010-08-03/2010-08-03,2,2010-08-07/2010-08-08,1,2020-08-31/2020-08-31,8,2006-08-24/2006-08-31
1,2003-07-19/2003-07-19,6,2009-08-15/2009-08-20,5,2010-08-12/2010-08-16,2,2010-08-13/2010-08-14,11,2021-06-19/2021-06-29,1,2007-06-28/2007-06-28
18,2003-07-29/2003-08-15,1,2009-08-27/2009-08-27,1,2010-08-27/2010-08-27,6,2011-06-06/2011-06-11,13,2021-07-08/2021-07-20,3,2007-07-13/2007-07-15
6,2003-08-19/2003-08-24,1,2010-06-05/2010-06-05,1,2011-06-23/2011-06-23,3,2011-06-28/2011-06-30,2,2021-08-01/2021-08-02,2,2007-08-09/2007-08-10
5,2004-06-26/2004-06-30,3,2010-06-09/2010-06-11,7,2011-07-09/2011-07-15,5,2011-07-06/2011-07-10,3,2021-08-09/2021-08-11,5,2007-08-14/2007-08-18
4,2004-07-22/2004-07-25,8,2010-06-27/2010-07-04,4,2011-08-23/2011-08-26,3,2011-07-27/2011-07-29,2,2021-08-17/2021-08-18,1,2007-08-24/2007-08-24
1,2004-08-01/2004-08-01,9,2010-07-08/2010-07-16,2,2012-06-09/2012-06-10,3,2011-08-26/2011-08-28,1,2022-06-02/2022-06-02,1,2008-06-18/2008-06-18
3,2004-08-23/2004-08-25,1,2010-07-20/2010-07-20,8,2012-06-17/2012-06-24,1,2012-07-06/2012-07-06,3,2022-08-04/2022-08-06,3,2008-07-20/2008-07-22
2,2005-06-05/2005-06-06,4,2010-08-20/2010-08-23,16,2012-06-30/2012-07-15,1,2012-08-16/2012-08-16,6,2022-08-13/2022-08-18,1,2008-08-14/2008-08-14
7,2005-06-17/2005-06-23,3,2011-06-03/2011-06-05,4,2012-07-27/2012-07-30,13,2013-05-26/2013-06-07,9,2022-08-22/2022-08-30,3,2009-06-14/2009-06-16
1,2005-07-03/2005-07-03,3,2011-06-26/2011-06-28,5,2012-08-04/2012-08-08,4,2013-06-22/2013-06-25,-999,-999,2,2009-07-13/2009-07-14
2,2005-07-15/2005-07-16,3,2011-08-21/2011-08-23,6,2012-08-21/2012-08-26,5,2013-07-25/2013-07-29,-999,-999,1,2009-07-28/2009-07-28
2,2005-07-20/2005-07-21,2,2012-06-28/2012-06-29,8,2013-06-16/2013-06-23,5,2013-08-02/2013-08-06,-999,-999,10,2010-07-06/2010-07-15
1,2005-08-07/2005-08-07,3,2012-07-25/2012-07-27,2,2013-07-28/2013-07-29,2,2013-08-26/2013-08-27,-999,-999,2,2010-07-22/2010-07-23
6,2005-08-30/2005-09-04,6,2012-08-17/2012-08-22,7,2013-08-03/2013-08-09,9,2014-06-03/2014-06-11,-999,-999,20,2010-07-27/2010-08-15
1,2006-06-22/2006-06-22,4,2013-06-17/2013-06-20,4,2014-06-09/2014-06-12,10,2014-07-05/2014-07-14,-999,-999,5,2011-05-29/2011-06-02
18,2006-07-09/2006-07-26,2,2013-07-08/2013-07-09,1,2014-08-13/2014-08-13,10,2014-07-19/2014-07-28,-999,-999,4,2011-06-07/2011-06-10
3,2006-07-30/2006-08-01,12,2013-07-17/2013-07-28,2,2015-06-13/2015-06-14,7,2014-08-02/2014-08-08,-999,-999,10,2011-06-22/2011-07-01
3,2007-07-28/2007-07-30,6,2013-08-01/2013-08-06,3,2015-07-06/2015-07-08,2,2015-07-02/2015-07-03,-999,-999,5,2011-07-08/2011-07-12
1,2007-08-04/2007-08-04,6,2014-06-07/2014-06-12,9,2015-07-17/2015-07-25,10,2015-08-18/2015-08-27,-999,-999,8,2011-07-20/2011-07-27
3,2007-08-26/2007-08-28,7,2014-07-17/2014-07-23,4,2015-08-05/2015-08-08,5,2016-05-29/2016-06-02,-999,-999,2,2011-08-28/2011-08-29
5,2008-06-26/2008-06-30,1,2015-06-05/2015-06-05,4,2015-08-12/2015-08-15,3,2016-06-24/2016-06-26,-999,-999,6,2013-05-29/2013-06-03
4,2008-08-03/2008-08-06,8,2015-06-30/2015-07-07,8,2015-08-28/2015-09-04,5,2016-07-21/2016-07-25,-999,-999,3,2013-06-08/2013-06-10
9,2009-06-11/2009-06-19,1,2015-07-17/2015-07-17,10,2016-06-17/2016-06-26,15,2018-05-20/2018-06-03,-999,-999,15,2013-06-22/2013-07-06
1,2009-07-21/2009-07-21,1,2015-07-21/2015-07-21,1,2016-07-02/2016-07-02,25,2018-07-10/2018-08-03,-999,-999,1,2013-07-22/2013-07-22
9,2009-08-15/2009-08-23,5,2015-08-03/2015-08-07,2,2016-07-12/2016-07-13,2,2018-08-08/2018-08-09,-999,-999,4,2013-08-05/2013-08-08
1,2009-08-31/2009-08-31,3,2015-08-11/2015-08-13,2,2017-05-31/2017-06-01,1,2018-08-17/2018-08-17,-999,-999,2,2013-08-19/2013-08-20
6,2010-05-31/2010-06-05,3,2015-08-29/2015-08-31,9,2017-06-23/2017-07-01,4,2019-06-05/2019-06-08,-999,-999,1,2013-08-28/2013-08-28
12,2010-07-01/2010-07-12,3,2016-06-22/2016-06-24,4,2017-07-09/2017-07-12,1,2019-06-16/2019-06-16,-999,-999,4,2014-06-04/2014-06-07
2,2010-07-18/2010-07-19,1,2016-07-10/2016-07-10,2,2017-07-22/2017-07-23,7,2019-07-22/2019-07-28,-999,-999,5,2014-08-04/2014-08-08
1,2010-07-28/2010-07-28,2,2016-07-19/2016-07-20,11,2017-08-01/2017-08-11,7,2019-08-26/2019-09-01,-999,-999,1,2014-08-13/2014-08-13
3,2010-08-09/2010-08-11,6,2016-08-23/2016-08-28,2,2017-08-18/2017-08-19,2,2020-06-01/2020-06-02,-999,-999,7,2015-05-28/2015-06-03
8,2010-08-21/2010-08-28,1,2017-06-11/2017-06-11,1,2017-08-27/2017-08-27,15,2020-06-13/2020-06-27,-999,-999,2,2015-06-24/2015-06-25
1,2011-06-21/2011-06-21,5,2017-06-18/2017-06-22,8,2018-05-26/2018-06-02,2,2020-08-07/2020-08-08,-999,-999,7,2016-06-16/2016-06-22
4,2011-06-25/2011-06-28,1,2017-07-07/2017-07-07,5,2018-06-08/2018-06-12,2,2020-08-14/2020-08-15,-999,-999,5,2016-07-01/2016-07-05
3,2011-08-19/2011-08-21,2,2017-07-18/2017-07-19,9,2019-06-08/2019-06-16,4,2020-08-19/2020-08-22,-999,-999,10,2016-07-17/2016-07-26
4,2012-05-30/2012-06-02,4,2017-08-26/2017-08-29,3,2019-06-25/2019-06-27,10,2021-06-02/2021-06-11,-999,-999,5,2016-08-08/2016-08-12
1,2012-06-06/2012-06-06,11,2018-05-25/2018-06-04,2,2019-07-01/2019-07-02,14,2021-07-02/2021-07-15,-999,-999,6,2016-08-18/2016-08-23
5,2012-06-24/2012-06-28,3,2018-06-08/2018-06-10,4,2019-08-10/2019-08-13,3,2021-07-26/2021-07-28,-999,-999,6,2017-07-12/2017-07-17
2,2012-07-17/2012-07-18,2,2018-06-28/2018-06-29,9,2019-08-23/2019-08-31,9,2022-06-24/2022-07-02,-999,-999,1,2017-07-30/2017-07-30
3,2012-08-09/2012-08-11,1,2018-07-04/2018-07-04,2,2020-07-01/2020-07-02,7,2022-08-15/2022-08-21,-999,-999,1,2017-08-13/2017-08-13
7,2012-08-17/2012-08-23,17,2018-07-23/2018-08-08,3,2020-07-29/2020-07-31,2,2022-08-25/2022-08-26,-999,-999,5,2017-08-20/2017-08-24
5,2013-07-05/2013-07-09,3,2018-08-20/2018-08-22,2,2020-08-22/2020-08-23,-999,-999,-999,-999,3,2018-06-17/2018-06-19
2,2013-07-31/2013-08-01,3,2019-06-01/2019-06-03,3,2020-08-29/2020-08-31,-999,-999,-999,-999,4,2018-06-24/2018-06-27
1,2013-08-11/2013-08-11,7,2019-06-24/2019-06-30,9,2021-06-22/2021-06-30,-999,-999,-999,-999,14,2018-07-13/2018-07-26
4,2014-06-11/2014-06-14,5,2019-07-22/2019-07-26,3,2021-07-07/2021-07-09,-999,-999,-999,-999,4,2018-07-30/2018-08-02
1,2014-07-17/2014-07-17,8,2019-08-24/2019-08-31,3,2021-07-13/2021-07-15,-999,-999,-999,-999,1,2018-08-10/2018-08-10
1,2014-08-27/2014-08-27,3,2020-06-24/2020-06-26,6,2021-07-27/2021-08-01,-999,-999,-999,-999,2,2018-08-18/2018-08-19
7,2015-06-02/2015-06-08,1,2020-07-31/2020-07-31,1,2021-08-10/2021-08-10,-999,-999,-999,-999,1,2018-08-26/2018-08-26
12,2015-06-27/2015-07-08,7,2020-08-07/2020-08-13,1,2021-08-16/2021-08-16,-999,-999,-999,-999,3,2019-06-07/2019-06-09
12,2015-07-12/2015-07-23,2,2020-08-20/2020-08-21,5,2022-06-01/2022-06-05,-999,-999,-999,-999,2,2019-07-25/2019-07-26
1,2015-07-28/2015-07-28,5,2021-06-16/2021-06-20,9,2022-06-27/2022-07-05,-999,-999,-999,-999,2,2019-08-19/2019-08-20
3,2015-08-05/2015-08-07,3,2022-06-17/2022-06-19,6,2022-07-21/2022-07-26,-999,-999,-999,-999,6,2020-06-04/2020-06-09
3,2015-08-28/2015-08-30,1,2022-07-13/2022-07-13,2,2022-08-05/2022-08-06,-999,-999,-999,-999,2,2020-06-14/2020-06-15
3,2016-06-07/2016-06-09,3,2022-07-18/2022-07-20,2,2022-08-18/2022-08-19,-999,-999,-999,-999,1,2020-07-09/2020-07-09
2,2016-07-09/2016-07-10,2,2022-08-03/2022-08-04,-999,-999,-999,-999,-999,-999,1,2020-07-21/2020-07-21
1,2016-07-19/2016-07-19,5,2022-08-10/2022-08-14,-999,-999,-999,-999,-999,-999,2,2020-08-22/2020-08-23
1,2016-07-26/2016-07-26,2,2022-08-24/2022-08-25,-999,-999,-999,-999,-999,-999,3,2021-06-03/2021-06-05
6,2016-08-23/2016-08-28,-999,-999,-999,-999,-999,-999,-999,-999,4,2021-06-10/2021-06-13
2,2017-06-01/2017-06-02,-999,-999,-999,-999,-999,-999,-999,-999,3,2021-06-21/2021-06-23
18,2017-06-08/2017-06-25,-999,-999,-999,-999,-999,-999,-999,-999,2,2021-06-28/2021-06-29
5,2017-07-12/2017-07-16,-999,-999,-999,-999,-999,-999,-999,-999,4,2021-07-06/2021-07-09
5,2017-08-03/2017-08-07,-999,-999,-999,-999,-999,-999,-999,-999,1,2021-07-14/2021-07-14
10,2017-08-17/2017-08-26,-999,-999,-999,-999,-999,-999,-999,-999,3,2021-08-11/2021-08-13
6,2018-08-01/2018-08-06,-999,-999,-999,-999,-999,-999,-999,-999,2,2021-08-19/2021-08-20
2,2019-06-01/2019-06-02,-999,-999,-999,-999,-999,-999,-999,-999,2,2022-06-01/2022-06-02
5,2019-06-26/2019-06-30,-999,-999,-999,-999,-999,-999,-999,-999,3,2022-07-04/2022-07-06
3,2019-07-22/2019-07-24,-999,-999,-999,-999,-999,-999,-999,-999,4,2022-07-11/2022-07-14
1,2019-08-30/2019-08-30,-999,-999,-999,-999,-999,-999,-999,-999,1,2022-07-27/2022-07-27
1,2020-06-23/2020-06-23,-999,-999,-999,-999,-999,-999,-999,-999,4,2022-08-04/2022-08-07
1,2020-07-06/2020-07-06,-999,-999,-999,-999,-999,-999,-999,-999,1,2022-08-11/2022-08-11
6,2020-07-27/2020-08-01,-999,-999,-999,-999,-999,-999,-999,-999,13,2022-08-16/2022-08-28
3,2020-08-07/2020-08-09,-999,-999,-999,-999,-999,-999,-999,-999,-999,-999
3,2020-08-25/2020-08-27,-999,-999,-999,-999,-999,-999,-999,-999,-999,-999
5,2021-08-11/2021-08-15,-999,-999,-999,-999,-999,-999,-999,-999,-999,-999
13,2022-06-06/2022-06-18,-999,-999,-999,-999,-999,-999,-999,-999,-999,-999
17,2022-07-09/2022-07-25,-999,-999,-999,-999,-999,-999,-999,-999,-999,-999
5,2022-07-31/2022-08-04,-999,-999,-999,-999,-999,-999,-999,-999,-999,-999
1,2022-08-12/2022-08-12,-999,-999,-999,-999,-999,-999,-999,-999,-999,-999
3,2022-08-21/2022-08-23,-999,-999,-999,-999,-999,-999,-999,-999,-999,-999